<?xml version="1.0" encoding="UTF-8"?>

<ConceptMap xmlns="http://hl7.org/fhir">
  <id value="who-ddcc-map-eudcc-icd11-vaccines"/>
  <text>
    <status value="generated"/><div xmlns="http://www.w3.org/1999/xhtml"><p class="res-header-id"><b>Generated Narrative: ConceptMap who-ddcc-map-eudcc-icd11-vaccines</b></p><a name="who-ddcc-map-eudcc-icd11-vaccines"> </a><a name="hcwho-ddcc-map-eudcc-icd11-vaccines"> </a><a name="who-ddcc-map-eudcc-icd11-vaccines-en-US"> </a><p>Mapping from (not specified) to (not specified)</p><br/><p><b>Group 1 </b>Mapping from <a href="CodeSystem-WHODDCCeuur.html">EUUR codes used in this IG</a> to <code>http://id.who.int/icd11/mms</code></p><table class="grid"><tr><td><b>Source Code</b></td><td><b>Relationship</b></td><td><b>Target Code</b></td></tr><tr><td>Covaxin</td><td><a href="http://hl7.org/fhir/extensions/5.1.0/CodeSystem-concept-map-equivalence.html#wider" title="wider">maps to wider concept</a></td><td>XM1NL1</td></tr><tr><td>Covishield</td><td><a href="http://hl7.org/fhir/extensions/5.1.0/CodeSystem-concept-map-equivalence.html#wider" title="wider">maps to wider concept</a></td><td>XM9QW8</td></tr><tr><td>Sputnik-V</td><td><a href="http://hl7.org/fhir/extensions/5.1.0/CodeSystem-concept-map-equivalence.html#wider" title="wider">maps to wider concept</a></td><td>XM9QW8</td></tr><tr><td>EU/1/20/1528 (Comirnaty)</td><td><a href="http://hl7.org/fhir/extensions/5.1.0/CodeSystem-concept-map-equivalence.html#wider" title="wider">maps to wider concept</a></td><td>XM0GQ8</td></tr><tr><td>EU/1/20/1525 (Jcovden)</td><td><a href="http://hl7.org/fhir/extensions/5.1.0/CodeSystem-concept-map-equivalence.html#equivalent" title="equivalent">is equivalent to</a></td><td>XM0CX4</td></tr><tr><td>EU/1/20/1507 (Spikevax)</td><td><a href="http://hl7.org/fhir/extensions/5.1.0/CodeSystem-concept-map-equivalence.html#wider" title="wider">maps to wider concept</a></td><td>XM0GQ8</td></tr><tr><td>EU/1/21/1529 (Vaxzevria)</td><td><a href="http://hl7.org/fhir/extensions/5.1.0/CodeSystem-concept-map-equivalence.html#wider" title="wider">maps to wider concept</a></td><td>XM9QW8</td></tr><tr><td>CoronaVac</td><td><a href="http://hl7.org/fhir/extensions/5.1.0/CodeSystem-concept-map-equivalence.html#wider" title="wider">maps to wider concept</a></td><td>XM1NL1</td></tr><tr><td>BBIBP-CorV</td><td><a href="http://hl7.org/fhir/extensions/5.1.0/CodeSystem-concept-map-equivalence.html#wider" title="wider">maps to wider concept</a></td><td>XM1NL1</td></tr><tr><td>Convidecia</td><td><a href="http://hl7.org/fhir/extensions/5.1.0/CodeSystem-concept-map-equivalence.html#wider" title="wider">maps to wider concept</a></td><td>XM9QW8</td></tr><tr><td>NVX-CoV2373</td><td><a href="http://hl7.org/fhir/extensions/5.1.0/CodeSystem-concept-map-equivalence.html#equivalent" title="equivalent">is equivalent to</a></td><td>XM5JC5</td></tr></table></div>
  </text>
  <url value="http://smart.who.int/ddcc/ConceptMap/who-ddcc-map-eudcc-icd11-vaccines"/>
  <version value="1.0.0"/>
  <name value="EU_DCC_ICD11_COVID19_vaccines"/>
  <title value="ConceptMap from EU DCC to ICD-11 for Vaccines"/>
  <status value="draft"/>
  <experimental value="true"/>
  <date value="2022-11-22"/>
  <publisher value="WHO"/>
  <contact>
    <name value="WHO"/>
    <telecom>
      <system value="url"/>
      <value value="http://who.int"/>
    </telecom>
  </contact>
  <description value="Rule-based mappings between EU DCC and ICD11 for COVID-19 Vaccines"/>
  <jurisdiction>
    <coding>
      <system value="http://unstats.un.org/unsd/methods/m49/m49.htm"/>
      <code value="001"/>
    </coding>
  </jurisdiction>
  <group>
    <source value="https://ec.europa.eu/health/documents/community-register/html/"/>
    <target value="http://id.who.int/icd11/mms"/>
    <element>
      <code value="Covaxin"/>
      <target>
        <code value="XM1NL1"/>
        <equivalence value="wider"/>
      </target>
    </element>
    <element>
      <code value="Covishield"/>
      <target>
        <code value="XM9QW8"/>
        <equivalence value="wider"/>
      </target>
    </element>
    <element>
      <code value="Sputnik-V"/>
      <target>
        <code value="XM9QW8"/>
        <equivalence value="wider"/>
      </target>
    </element>
    <element>
      <code value="EU/1/20/1528"/>
      <target>
        <code value="XM0GQ8"/>
        <equivalence value="wider"/>
      </target>
    </element>
    <element>
      <code value="EU/1/20/1525"/>
      <target>
        <code value="XM0CX4"/>
        <equivalence value="equivalent"/>
      </target>
    </element>
    <element>
      <code value="EU/1/20/1507"/>
      <target>
        <code value="XM0GQ8"/>
        <equivalence value="wider"/>
      </target>
    </element>
    <element>
      <code value="EU/1/21/1529"/>
      <target>
        <code value="XM9QW8"/>
        <equivalence value="wider"/>
      </target>
    </element>
    <element>
      <code value="CoronaVac"/>
      <target>
        <code value="XM1NL1"/>
        <equivalence value="wider"/>
      </target>
    </element>
    <element>
      <code value="BBIBP-CorV"/>
      <target>
        <code value="XM1NL1"/>
        <equivalence value="wider"/>
      </target>
    </element>
    <element>
      <code value="Convidecia"/>
      <target>
        <code value="XM9QW8"/>
        <equivalence value="wider"/>
      </target>
    </element>
    <element>
      <code value="NVX-CoV2373"/>
      <target>
        <code value="XM5JC5"/>
        <equivalence value="equivalent"/>
      </target>
    </element>
  </group>
</ConceptMap>