<?xml version="1.0" encoding="UTF-8"?><ConceptMap xmlns="http://hl7.org/fhir"><id value="who-ddcc-map-icd11-sct-disease-targeted"/><text><status value="generated"/><div xmlns="http://www.w3.org/1999/xhtml"><p class="res-header-id"><b>Generated Narrative: ConceptMap who-ddcc-map-icd11-sct-disease-targeted</b></p><a name="who-ddcc-map-icd11-sct-disease-targeted"> </a><a name="hcwho-ddcc-map-icd11-sct-disease-targeted"> </a><a name="who-ddcc-map-icd11-sct-disease-targeted-en-US"> </a><p>Mapping from (not specified) to (not specified)</p><br/><p><b>Group 1 </b>Mapping from <code>http://id.who.int/icd11/mms</code> to <a href="CodeSystem-WHODDCCsnomed.html">SNOMED codes used in this IG</a></p><table class="grid"><tr><td><b>Source Code</b></td><td><b>Relationship</b></td><td><b>Target Code</b></td></tr><tr><td>RA01</td><td><a href="http://hl7.org/fhir/extensions/5.1.0/CodeSystem-concept-map-equivalence.html#equivalent" title="equivalent">is equivalent to</a></td><td>840539006</td></tr></table></div></text><url value="http://smart.who.int/ddcc/ConceptMap/who-ddcc-map-icd11-sct-disease-targeted"/><version value="1.0.0"/><name value="ICD_11_SNOMED_CT_COVID19_Disease"/><title value="ConceptMap from ICD-11 to SNOMED CT for Disease or Agent Targeted"/><status value="draft"/><experimental value="true"/><date value="2021-04-23"/><publisher value="WHO"/><contact><name value="WHO"/><telecom><system value="url"/><value value="http://who.int"/></telecom></contact><description value="Rule-based mappings between ICD-11 and SNOMED CT for COVID-19 Disease or Agent Targeted"/><jurisdiction><coding><system value="http://unstats.un.org/unsd/methods/m49/m49.htm"/><code value="001"/></coding></jurisdiction><group><source value="http://id.who.int/icd11/mms"/><target value="http://snomed.info/sct"/><element><code value="RA01"/><target><code value="840539006"/><equivalence value="equivalent"/></target></element></group></ConceptMap>