{"resourceType":"CodeSystem","id":"WHODDCCicaolabtesttype","text":{"status":"generated","div":"<div xmlns=\"http://www.w3.org/1999/xhtml\"><p class=\"res-header-id\"><b>Generated Narrative: CodeSystem WHODDCCicaolabtesttype</b></p><a name=\"WHODDCCicaolabtesttype\"> </a><a name=\"hcWHODDCCicaolabtesttype\"> </a><a name=\"WHODDCCicaolabtesttype-en-US\"> </a><p>This case-sensitive code system <code>http://smart.who.int/ddcc/CodeSystem/WHODDCCicaolabtesttype</code> defines the following codes:</p><table class=\"codes\"><tr><td style=\"white-space:nowrap\"><b>Code</b></td><td><b>Display</b></td></tr><tr><td style=\"white-space:nowrap\">molecular(PCR)<a name=\"WHODDCCicaolabtesttype-molecular.40PCR.41\"> </a></td><td>Molecular (PCR)</td></tr><tr><td style=\"white-space:nowrap\">molecular(other)<a name=\"WHODDCCicaolabtesttype-molecular.40other.41\"> </a></td><td>Molecular (Other)</td></tr><tr><td style=\"white-space:nowrap\">antigen<a name=\"WHODDCCicaolabtesttype-antigen\"> </a></td><td>Antigen</td></tr><tr><td style=\"white-space:nowrap\">antibody<a name=\"WHODDCCicaolabtesttype-antibody\"> </a></td><td>Antibody</td></tr></table></div>"},"url":"http://smart.who.int/ddcc/CodeSystem/WHODDCCicaolabtesttype","version":"1.0.0","name":"WHODDCCicaolabtesttype","title":"ICAO lab test type codes used in this IG","status":"draft","experimental":true,"date":"2024-10-17T04:40:27+00:00","publisher":"WHO","contact":[{"name":"WHO","telecom":[{"system":"url","value":"http://who.int"}]}],"description":"All ICAO lab test type codes from its internally defined code system used in this IG. Provided so the FHIR server can perform expansions.","jurisdiction":[{"coding":[{"system":"http://unstats.un.org/unsd/methods/m49/m49.htm","code":"001"}]}],"caseSensitive":true,"content":"complete","count":4,"concept":[{"code":"molecular(PCR)","display":"Molecular (PCR)"},{"code":"molecular(other)","display":"Molecular (Other)"},{"code":"antigen","display":"Antigen"},{"code":"antibody","display":"Antibody"}]}