{"resourceType":"ValueSet","id":"VaccineCovid19CvxValueSet","text":{"status":"generated","div":"<div xmlns=\"http://www.w3.org/1999/xhtml\"><p class=\"res-header-id\"><b>Generated Narrative: ValueSet VaccineCovid19CvxValueSet</b></p><a name=\"VaccineCovid19CvxValueSet\"> </a><a name=\"hcVaccineCovid19CvxValueSet\"> </a><a name=\"VaccineCovid19CvxValueSet-en-US\"> </a><ul><li>Include these codes as defined in <a href=\"CodeSystem-WHODDCCcvx.html\"><code>http://hl7.org/fhir/sid/cvx</code></a><table class=\"none\"><tr><td style=\"white-space:nowrap\"><b>Code</b></td><td><b>Display</b></td></tr><tr><td><a href=\"CodeSystem-WHODDCCcvx.html#WHODDCCcvx-207\">207</a></td><td>COVID-19, mRNA, LNP-S, PF, 100 mcg/0.5mL dose or 50 mcg/0.25mL dose</td></tr><tr><td><a href=\"CodeSystem-WHODDCCcvx.html#WHODDCCcvx-208\">208</a></td><td>COVID-19, mRNA, LNP-S, PF, 30 mcg/0.3 mL dose</td></tr><tr><td><a href=\"CodeSystem-WHODDCCcvx.html#WHODDCCcvx-210\">210</a></td><td>COVID-19 vaccine, vector-nr, rS-ChAdOx1, PF, 0.5 mL </td></tr><tr><td><a href=\"CodeSystem-WHODDCCcvx.html#WHODDCCcvx-211\">211</a></td><td>COVID-19, subunit, rS-nanoparticle+Matrix-M1 Adjuvant, PF, 0.5 mL</td></tr><tr><td><a href=\"CodeSystem-WHODDCCcvx.html#WHODDCCcvx-212\">212</a></td><td>COVID-19 vaccine, vector-nr, rS-Ad26, PF, 0.5 mL</td></tr><tr><td><a href=\"CodeSystem-WHODDCCcvx.html#WHODDCCcvx-213\">213</a></td><td>SARS-COV-2 (COVID-19) vaccine, UNSPECIFIED</td></tr><tr><td><a href=\"CodeSystem-WHODDCCcvx.html#WHODDCCcvx-217\">217</a></td><td>COVID-19, mRNA, LNP-S, PF, 30 mcg/0.3 mL dose, tris-sucrose</td></tr><tr><td><a href=\"CodeSystem-WHODDCCcvx.html#WHODDCCcvx-218\">218</a></td><td>COVID-19, mRNA, LNP-S, PF, 10 mcg/0.2 mL dose, tris-sucrose</td></tr><tr><td><a href=\"CodeSystem-WHODDCCcvx.html#WHODDCCcvx-219\">219</a></td><td>COVID-19, mRNA, LNP-S, PF, 3 mcg/0.2 mL dose, tris-sucrose</td></tr><tr><td><a href=\"CodeSystem-WHODDCCcvx.html#WHODDCCcvx-221\">221</a></td><td>COVID-19, mRNA, LNP-S, PF, 50 mcg/0.5 mL dose</td></tr><tr><td><a href=\"CodeSystem-WHODDCCcvx.html#WHODDCCcvx-225\">225</a></td><td>COVID-19, D614, recomb, preS dTM, AS03 adjuvant add, PF, 5mcg/0.5mL</td></tr><tr><td><a href=\"CodeSystem-WHODDCCcvx.html#WHODDCCcvx-226\">226</a></td><td>COVID-19, D614, recomb, preS dTM, AS03 adjuvant add, PF, 10mcg/0.5mL</td></tr><tr><td><a href=\"CodeSystem-WHODDCCcvx.html#WHODDCCcvx-227\">227</a></td><td>COVID-19, mRNA, LNP-S, PF, pediatric 50 mcg/0.5 mL dose</td></tr><tr><td><a href=\"CodeSystem-WHODDCCcvx.html#WHODDCCcvx-228\">228</a></td><td>COVID-19, mRNA, LNP-S, PF, pediatric 25 mcg/0.25 mL dose</td></tr><tr><td><a href=\"CodeSystem-WHODDCCcvx.html#WHODDCCcvx-229\">229</a></td><td>COVID-19, mRNA, LNP-S, bivalent booster, PF, 50 mcg/0.5 mL or 25mcg/0.25 mL dose</td></tr><tr><td><a href=\"CodeSystem-WHODDCCcvx.html#WHODDCCcvx-230\">230</a></td><td>COVID-19, mRNA, LNP-S, bivalent booster, PF, 10 mcg/0.2 mL</td></tr><tr><td><a href=\"CodeSystem-WHODDCCcvx.html#WHODDCCcvx-300\">300</a></td><td>COVID-19, mRNA, LNP-S, bivalent booster, PF, 30 mcg/0.3 mL dose</td></tr><tr><td><a href=\"CodeSystem-WHODDCCcvx.html#WHODDCCcvx-301\">301</a></td><td>COVID-19, mRNA, LNP-S, bivalent booster, PF, 10 mcg/0.2 mL dose</td></tr><tr><td><a href=\"CodeSystem-WHODDCCcvx.html#WHODDCCcvx-302\">302</a></td><td>COVID-19, mRNA, LNP-S, bivalent, PF, 3 mcg/0.2 mL dose</td></tr><tr><td><a href=\"CodeSystem-WHODDCCcvx.html#WHODDCCcvx-500\">500</a></td><td>COVID-19 Non-US Vaccine, Product Unknown</td></tr><tr><td><a href=\"CodeSystem-WHODDCCcvx.html#WHODDCCcvx-501\">501</a></td><td>COVID-19 IV Non-US Vaccine (QAZCOVID-IN)</td></tr><tr><td><a href=\"CodeSystem-WHODDCCcvx.html#WHODDCCcvx-502\">502</a></td><td>COVID-19 IV Non-US Vaccine (COVAXIN)</td></tr><tr><td><a href=\"CodeSystem-WHODDCCcvx.html#WHODDCCcvx-503\">503</a></td><td>COVID-19 LAV Non-US Vaccine (COVIVAC)</td></tr><tr><td><a href=\"CodeSystem-WHODDCCcvx.html#WHODDCCcvx-504\">504</a></td><td>COVID-19 VVnr Non-US Vaccine (Sputnik Light)</td></tr><tr><td><a href=\"CodeSystem-WHODDCCcvx.html#WHODDCCcvx-505\">505</a></td><td>COVID-19 VVnr Non-US Vaccine (Sputnik V)</td></tr><tr><td><a href=\"CodeSystem-WHODDCCcvx.html#WHODDCCcvx-506\">506</a></td><td>COVID-19 VVnr Non-US Vaccine (CanSino Biological Inc./Beijing Institute of Biotechnology)</td></tr><tr><td><a href=\"CodeSystem-WHODDCCcvx.html#WHODDCCcvx-507\">507</a></td><td>COVID-19 PS Non-US Vaccine (Anhui Zhifei Longcom Biopharm + Inst of Micro, Chinese Acad of Sciences)</td></tr><tr><td><a href=\"CodeSystem-WHODDCCcvx.html#WHODDCCcvx-508\">508</a></td><td>COVID-19 PS Non-US Vaccine (Jiangsu Province Centers for Disease Control and Prevention)</td></tr><tr><td><a href=\"CodeSystem-WHODDCCcvx.html#WHODDCCcvx-509\">509</a></td><td>COVID-19 PS Non-US Vaccine (EpiVacCorona)</td></tr><tr><td><a href=\"CodeSystem-WHODDCCcvx.html#WHODDCCcvx-510\">510</a></td><td>COVID-19 IV Non-US Vaccine (BIBP, Sinopharm)</td></tr><tr><td><a href=\"CodeSystem-WHODDCCcvx.html#WHODDCCcvx-511\">511</a></td><td>COVID-19 IV Non-US Vaccine (CoronaVac, Sinovac)</td></tr><tr><td><a href=\"CodeSystem-WHODDCCcvx.html#WHODDCCcvx-512\">512</a></td><td>SARS-COV-2 COVID-19 VLP Non-US Vaccine (Medicago, Covifenz)</td></tr><tr><td><a href=\"CodeSystem-WHODDCCcvx.html#WHODDCCcvx-513\">513</a></td><td>SARS-COV-2 COVID-19 PS Non-US Vaccine (Anhui Zhifei Longcom, Zifivax)</td></tr><tr><td><a href=\"CodeSystem-WHODDCCcvx.html#WHODDCCcvx-514\">514</a></td><td>SARS-COV-2 COVID-19 DNA Non-US Vaccine (Zydus Cadila, ZyCoV-D)</td></tr><tr><td><a href=\"CodeSystem-WHODDCCcvx.html#WHODDCCcvx-515\">515</a></td><td>SARS-COV-2 COVID-19 PS Non-US Vaccine (Medigen, MVC-COV1901)</td></tr><tr><td><a href=\"CodeSystem-WHODDCCcvx.html#WHODDCCcvx-516\">516</a></td><td>COV-2 COVID-19 Inactivated Non-US Vaccine Product (Minhai Biotechnology Co, KCONVAC)</td></tr><tr><td><a href=\"CodeSystem-WHODDCCcvx.html#WHODDCCcvx-517\">517</a></td><td>SARS-COV-2 COVID-19 PS Non-US Vaccine (Biological E Limited, Corbevax)</td></tr><tr><td><a href=\"CodeSystem-WHODDCCcvx.html#WHODDCCcvx-518\">518</a></td><td>COVID-19 Inactivated, Non-US Vaccine (VLA2001, Valneva)</td></tr><tr><td><a href=\"CodeSystem-WHODDCCcvx.html#WHODDCCcvx-519\">519</a></td><td>COVID-19 mRNA, bivalent, original/Omicron BA.1, Non-US Vaccine (Spikevax Bivalent), Moderna</td></tr><tr><td><a href=\"CodeSystem-WHODDCCcvx.html#WHODDCCcvx-520\">520</a></td><td>COVID-19 mRNA, bivalent, original/Omicron BA.1, Non-US Vaccine Product, Pfizer-BioNTech</td></tr></table></li></ul></div>"},"url":"http://smart.who.int/ddcc/ValueSet/VaccineCovid19CvxValueSet","version":"1.0.0","name":"VaccineCovid19CvxValueSet","title":"Vaccine - COVID-19 - CVX","status":"draft","experimental":true,"date":"2024-10-17T04:40:27+00:00","publisher":"WHO","contact":[{"name":"WHO","telecom":[{"system":"url","value":"http://who.int"}]}],"description":"This is a one-time snapshot of the allowed CVX codes for vaccines, retrieved in February 2023. Contents may need to be updated and readers should consult the credential documentation, found here http://hl7.org/fhir/uv/shc-vaccination/2021Sep/ValueSet-vaccine-cvx.html. More information on the CVX value set can be found here, <https://www2a.cdc.gov/vaccines/iis/iisstandards/vaccines.asp?rpt=cvx>","jurisdiction":[{"coding":[{"system":"http://unstats.un.org/unsd/methods/m49/m49.htm","code":"001"}]}],"compose":{"include":[{"system":"http://hl7.org/fhir/sid/cvx","concept":[{"code":"207","display":"COVID-19, mRNA, LNP-S, PF, 100 mcg/0.5mL dose or 50 mcg/0.25mL dose"},{"code":"208","display":"COVID-19, mRNA, LNP-S, PF, 30 mcg/0.3 mL dose"},{"code":"210","display":"COVID-19 vaccine, vector-nr, rS-ChAdOx1, PF, 0.5 mL "},{"code":"211","display":"COVID-19, subunit, rS-nanoparticle+Matrix-M1 Adjuvant, PF, 0.5 mL"},{"code":"212","display":"COVID-19 vaccine, vector-nr, rS-Ad26, PF, 0.5 mL"},{"code":"213","display":"SARS-COV-2 (COVID-19) vaccine, UNSPECIFIED"},{"code":"217","display":"COVID-19, mRNA, LNP-S, PF, 30 mcg/0.3 mL dose, tris-sucrose"},{"code":"218","display":"COVID-19, mRNA, LNP-S, PF, 10 mcg/0.2 mL dose, tris-sucrose"},{"code":"219","display":"COVID-19, mRNA, LNP-S, PF, 3 mcg/0.2 mL dose, tris-sucrose"},{"code":"221","display":"COVID-19, mRNA, LNP-S, PF, 50 mcg/0.5 mL dose"},{"code":"225","display":"COVID-19, D614, recomb, preS dTM, AS03 adjuvant add, PF, 5mcg/0.5mL"},{"code":"226","display":"COVID-19, D614, recomb, preS dTM, AS03 adjuvant add, PF, 10mcg/0.5mL"},{"code":"227","display":"COVID-19, mRNA, LNP-S, PF, pediatric 50 mcg/0.5 mL dose"},{"code":"228","display":"COVID-19, mRNA, LNP-S, PF, pediatric 25 mcg/0.25 mL dose"},{"code":"229","display":"COVID-19, mRNA, LNP-S, bivalent booster, PF, 50 mcg/0.5 mL or 25mcg/0.25 mL dose"},{"code":"230","display":"COVID-19, mRNA, LNP-S, bivalent booster, PF, 10 mcg/0.2 mL"},{"code":"300","display":"COVID-19, mRNA, LNP-S, bivalent booster, PF, 30 mcg/0.3 mL dose"},{"code":"301","display":"COVID-19, mRNA, LNP-S, bivalent booster, PF, 10 mcg/0.2 mL dose"},{"code":"302","display":"COVID-19, mRNA, LNP-S, bivalent, PF, 3 mcg/0.2 mL dose"},{"code":"500","display":"COVID-19 Non-US Vaccine, Product Unknown"},{"code":"501","display":"COVID-19 IV Non-US Vaccine (QAZCOVID-IN)"},{"code":"502","display":"COVID-19 IV Non-US Vaccine (COVAXIN)"},{"code":"503","display":"COVID-19 LAV Non-US Vaccine (COVIVAC)"},{"code":"504","display":"COVID-19 VVnr Non-US Vaccine (Sputnik Light)"},{"code":"505","display":"COVID-19 VVnr Non-US Vaccine (Sputnik V)"},{"code":"506","display":"COVID-19 VVnr Non-US Vaccine (CanSino Biological Inc./Beijing Institute of Biotechnology)"},{"code":"507","display":"COVID-19 PS Non-US Vaccine (Anhui Zhifei Longcom Biopharm + Inst of Micro, Chinese Acad of Sciences)"},{"code":"508","display":"COVID-19 PS Non-US Vaccine (Jiangsu Province Centers for Disease Control and Prevention)"},{"code":"509","display":"COVID-19 PS Non-US Vaccine (EpiVacCorona)"},{"code":"510","display":"COVID-19 IV Non-US Vaccine (BIBP, Sinopharm)"},{"code":"511","display":"COVID-19 IV Non-US Vaccine (CoronaVac, Sinovac)"},{"code":"512","display":"SARS-COV-2 COVID-19 VLP Non-US Vaccine (Medicago, Covifenz)"},{"code":"513","display":"SARS-COV-2 COVID-19 PS Non-US Vaccine (Anhui Zhifei Longcom, Zifivax)"},{"code":"514","display":"SARS-COV-2 COVID-19 DNA Non-US Vaccine (Zydus Cadila, ZyCoV-D)"},{"code":"515","display":"SARS-COV-2 COVID-19 PS Non-US Vaccine (Medigen, MVC-COV1901)"},{"code":"516","display":"COV-2 COVID-19 Inactivated Non-US Vaccine Product (Minhai Biotechnology Co, KCONVAC)"},{"code":"517","display":"SARS-COV-2 COVID-19 PS Non-US Vaccine (Biological E Limited, Corbevax)"},{"code":"518","display":"COVID-19 Inactivated, Non-US Vaccine (VLA2001, Valneva)"},{"code":"519","display":"COVID-19 mRNA, bivalent, original/Omicron BA.1, Non-US Vaccine (Spikevax Bivalent), Moderna"},{"code":"520","display":"COVID-19 mRNA, bivalent, original/Omicron BA.1, Non-US Vaccine Product, Pfizer-BioNTech"}]}]}}