{"resourceType":"ValueSet","id":"WHODDCCTypeofTestCOVID19","text":{"status":"generated","div":"<div xmlns=\"http://www.w3.org/1999/xhtml\"><p class=\"res-header-id\"><b>Generated Narrative: ValueSet WHODDCCTypeofTestCOVID19</b></p><a name=\"WHODDCCTypeofTestCOVID19\"> </a><a name=\"hcWHODDCCTypeofTestCOVID19\"> </a><a name=\"WHODDCCTypeofTestCOVID19-en-US\"> </a><ul><li>Include these codes as defined in <code>http://id.who.int/icd11/mms</code><table class=\"none\"><tr><td style=\"white-space:nowrap\"><b>Code</b></td><td><b>Display</b></td></tr><tr><td>1334426561</td><td>Viral nucleic acid amplification test or NAAT</td></tr><tr><td>2056159157</td><td>Rapid immunoassay detecting viral proteins or Ag-RDT</td></tr></table></li></ul></div>"},"url":"http://smart.who.int/ddcc/ValueSet/WHODDCCTypeofTestCOVID19","version":"1.0.0","name":"WHODDCCTypeofTestCOVID19","title":"WHO Type of Covid-19 Test","status":"draft","date":"2024-10-17T04:40:27+00:00","publisher":"WHO","contact":[{"name":"WHO","telecom":[{"system":"url","value":"http://who.int"}]}],"description":"WHO Type of COVID-19 Test","jurisdiction":[{"coding":[{"system":"http://unstats.un.org/unsd/methods/m49/m49.htm","code":"001"}]}],"compose":{"include":[{"system":"http://id.who.int/icd11/mms","concept":[{"code":"1334426561","display":"Viral nucleic acid amplification test or NAAT"},{"code":"2056159157","display":"Rapid immunoassay detecting viral proteins or Ag-RDT"}]}]}}