{
  "resourceType" : "CodeSystem",
  "id" : "DDCCCompositionCategoryCodeSystem",
  "text" : {
    "status" : "generated",
    "div" : "<div xmlns=\"http://www.w3.org/1999/xhtml\"><p class=\"res-header-id\"><b>Generated Narrative: CodeSystem DDCCCompositionCategoryCodeSystem</b></p><a name=\"DDCCCompositionCategoryCodeSystem\"> </a><a name=\"hcDDCCCompositionCategoryCodeSystem\"> </a><a name=\"DDCCCompositionCategoryCodeSystem-en-US\"> </a><p>This case-sensitive code system <code>http://smart.who.int/ddcc/CodeSystem/DDCCCompositionCategoryCodeSystem</code> defines the following codes:</p><table class=\"codes\"><tr><td style=\"white-space:nowrap\"><b>Code</b></td><td><b>Display</b></td></tr><tr><td style=\"white-space:nowrap\">ddcc-vs<a name=\"DDCCCompositionCategoryCodeSystem-ddcc-vs\"> </a></td><td>DDCC:VS</td></tr><tr><td style=\"white-space:nowrap\">ddcc-tr<a name=\"DDCCCompositionCategoryCodeSystem-ddcc-tr\"> </a></td><td>DDCC:TR</td></tr></table></div>"
  },
  "url" : "http://smart.who.int/ddcc/CodeSystem/DDCCCompositionCategoryCodeSystem",
  "version" : "1.0.0",
  "name" : "DDCCCompositionCategoryCodeSystem",
  "title" : "DDCC Composition Category Codes",
  "status" : "draft",
  "experimental" : false,
  "date" : "2024-10-17T04:40:27+00:00",
  "publisher" : "WHO",
  "contact" : [{
    "name" : "WHO",
    "telecom" : [{
      "system" : "url",
      "value" : "http://who.int"
    }]
  }],
  "description" : "Possible categories available for composition.",
  "jurisdiction" : [{
    "coding" : [{
      "system" : "http://unstats.un.org/unsd/methods/m49/m49.htm",
      "code" : "001"
    }]
  }],
  "caseSensitive" : true,
  "content" : "complete",
  "count" : 2,
  "concept" : [{
    "code" : "ddcc-vs",
    "display" : "DDCC:VS"
  },
  {
    "code" : "ddcc-tr",
    "display" : "DDCC:TR"
  }]
}